{
  "project_info": {
    "project_number": "1006562549600",
    "firebase_url": "https://ideafac-78b6c-default-rtdb.firebaseio.com",
    "project_id": "ideafac-78b6c",
    "storage_bucket": "ideafac-78b6c.appspot.com"
  },
  "client": [
    {
      "client_info": {
        "mobilesdk_app_id": "1:1006562549600:android:04a638fbb508f6d34ac805",
        "android_client_info": {
          "package_name": "com.example.idea_factory"
        }
      },
      "oauth_client": [
        {
          "client_id": "1006562549600-c4k8n6ji42s64dvd46tbcgg0ctihuirm.apps.googleusercontent.com",
          "client_type": 3
        }
      ],
      "api_key": [
        {
          "current_key": "AIzaSyBzV0aM4yQf2xCW1MaZ7gMgBR4Aazz_wus"
        }
      ],
      "services": {
        "appinvite_service": {
          "other_platform_oauth_client": [
            {
              "client_id": "1006562549600-c4k8n6ji42s64dvd46tbcgg0ctihuirm.apps.googleusercontent.com",
              "client_type": 3
            }
          ]
        }
      }
    }
  ],
  "configuration_version": "1"
}